{
  "Sunday": {
    "Breakfast": {
      "Entrée": "Broccoli and Cheese Scramble",
      "Side 1": "Potato Triangles",
      "Side 2": "Egg, Sausage, and Cheese Tornado",
      "Protein": "Sliced Ham"
    },
    "Lunch": {
      "Entrée": "Chicken and Green Bean Stir-Fry",
      "Vegan Entrée": "Sweet and Sour Tofu",
      "Side": "Roasted Broccoli and Cauliflower",
      "Vegetable": "Egg and Scallion Fried Rice",
      "Soup Station": {
        "Soup Option 1": "Hearty Vegetarian Chili",
        "Soup Option 2": "Chef's Choice"
      }
    },
    "Dinner": {
      "Entrée 1": "Herb Roasted Chicken Quarters",
      "Entrée 2": "Panko Crusted Cod",
      "Vegan Entrée": "Mushroom and Vegetable Burgundy",
      "Side": "Roasted Garlic Herb Potatoes",
      "Vegetable": "Sautéed Fresh Green Beans"
    },
    "Dessert": {
      "Specialty Dessert": "Chef's Choice"
    }
  },
  "Monday": {
    "Breakfast": {
      "Entrée": "Cowboy Scramble with Sausage",
      "Side 1": "Country Diced Breakfast Potatoes with Bell Peppers and Onions",
      "Side 2": "French Toast Sticks",
      "Protein": "Thick Cut Bacon"
    },
    "Lunch": {
      "Entrée": "Seared Lemon Pepper Chicken with Pan Sauce",
      "Vegan Entrée": "Tofu Cacciatore",
      "Side": "Steamed Mixed Vegetables",
      "Vegetable": "Chardonnay Artichoke Pasta",
      "Feature Station": "Pizza",
      "Soup Station": {
        "Soup Option 1": "Hearty Vegetarian Chili",
        "Soup Option 2": "Chicken Noodle Soup"
      }
    },
    "Dinner": {
      "Entrée 1": "Beef Stroganoff",
      "Entrée 2": "Chicken Parmesan",
      "Vegan Entrée": "Vegan Pasta Carbonara",
      "Side": "Buttered Noodles",
      "Vegetable": "Charred Brussels Sprouts",
      "Action Station": "Omelet Bar"
    },
    "Dessert": {
      "Specialty Dessert": "Black Forrest Cake"
    }
  },
  "Tuesday": {
    "Breakfast": {
      "Entrée": "Veggie Lovers Scramble",
      "Side 1": "Potato Circles",
      "Side 2": "Sweet Cream Pancakes",
      "Protein": "Breakfast Sausage Links"
    },
    "Lunch": {
      "Entrée": "Teriyaki Steak Bites",
      "Vegan Entrée": "Teriyaki Crispy Tofu",
      "Side": "Stir-Fry Vegetables",
      "Vegetable": "Fried Brown Rice",
      "Feature Station": "Taco Tuesday",
      "Soup Station": {
        "Soup Option 1": "Hearty Vegetarian Chili",
        "Soup Option 2": "Tomato Basil Bisque"
      }
    },
    "Dinner": {
      "Entrée 1": "Garlic Herb Tilapia",
      "Entrée 2": "Montreal Grilled Chicken with Chimichurri Sauce",
      "Vegan Entrée": "Stuffed Portobello Mushrooms with Couscous",
      "Side": "Rice Pilaf with Orzo",
      "Vegetable": "Buttered Corn",
      "Action Station": "Pasta Bar"
    },
    "Dessert": {
      "Specialty Dessert": "Pound Cake with Strawberries"
    }
  },
  "Wednesday": {
    "Breakfast": {
      "Entrée": "Spinach and Sundried Tomato Scramble",
      "Side 1": "Crispy Battered Potatoes",
      "Side 2": "Buttermilk Biscuits and Country Gravy",
      "Protein": "Sliced Linguica"
    },
    "Lunch": {
      "Entrée": "Meat Lovers Pasta Bake",
      "Vegan Entrée": "Spaghetti and Vegan Meatballs and Basil Marinara Sauce",
      "Side": "Sautéed Green Beans with Onions and Garlic",
      "Vegetable": "French Bread Cheese Pizza",
      "Feature Station": "Build-Your-Own-Burger",
      "Soup Station": {
        "Soup Option 1": "Hearty Vegetarian Chili",
        "Soup Option 2": "Italian Wedding"
      }
    },
    "Dinner": {
      "Entrée 1": "Broccoli Beef",
      "Entrée 2": "Kung Pao Chicken",
      "Vegan Entrée": "Tofu and Vegetable Stir-Fry",
      "Side": "Steamed Jasmine Rice",
      "Vegetable": "Stir Fry Vegetables"
    },
    "Dessert": {
      "Specialty Dessert": "Strawberry Cream Cake"
    }
  },
  "Thursday": {
    "Breakfast": {
      "Entrée": "Country Scramble",
      "Side 1": "Tater Tots",
      "Side 2": "Buttermilk Pancakes",
      "Protein": "Maple Sausage Patties"
    },
    "Lunch": {
      "Entrée": "Crispy Chicken Katsu with Japanese BBQ Sauce",
      "Vegan Entrée": "Grilled Eggplant with Greek Tomato Sauce",
      "Side": "Steamed Vegetable Medley",
      "Vegetable": "Steamed Jasmine Rice",
      "Feature Station": "Pizza",
      "Soup Station": {
        "Soup Option 1": "Hearty Vegetarian Chili",
        "Soup Option 2": "Minestrone"
      }
    },
    "Dinner": {
      "Entrée 1": "Chicken Paprikash",
      "Entrée 2": "Chicken Fried Steak with Brown Gravy",
      "Vegan Entrée": "Vegetable Stew with Butternut Squash",
      "Side": "Garlic Mashed Potatoes",
      "Vegetable": "Roasted Carrots",
      "Action Station": "Ice Cream Sundae Bar and Stir-Fry Bar"
    },
    "Dessert": {
      "Specialty Dessert": "Fried Raspberry Chimichangas"
    }
  },
  "Friday": {
    "Breakfast": {
      "Entrée": "Denver Scramble",
      "Side 1": "Hash Browns",
      "Side 2": "French Toast",
      "Protein": "Smoked Polish Sausage"
    },
    "Lunch": {
      "Entrée": "Crunchy Beef Tacos",
      "Vegan Entrée": "Vegan Enchiladas with Soy Cheese",
      "Side": "Spanish Rice",
      "Vegetable": "Corn on the Cob",
      "Soup Station": {
        "Soup Option 1": "Hearty Vegetarian Chili",
        "Soup Option 2": "New England Clam Chowder"
      }
    },
    "Dinner": {
      "Entrée 1": "Green Chicken Enchiladas",
      "Entrée 2": "Chile Colorado",
      "Vegan Entrée": "Stuffed Bell Peppers with Chipotle Quinoa",
      "Side": "Mexican Rice with Peas",
      "Vegetable": "Sautéed Squash Medley"
    },
    "Dessert": {
      "Specialty Dessert": "Chocolate Cake"
    }
  },
  "Saturday": {
    "Breakfast": {
      "Entrée": "Cheesy Scramble",
      "Side 1": "Chorizo and Potatoes",
      "Side 2": "Breakfast Burritos with Eggs, Potatoes, and Cheese",
      "Protein": "Thick Cut Bacon"
    },
    "Lunch": {
      "Entrée": "Beef Kabobs with Demi Glaze",
      "Vegan Entrée": "Philly Mushroom Steak with Soy Cheese",
      "Side": "Rice Pilaf with Angel Hair",
      "Vegetable": "Roasted Cauliflower",
      "Soup Station": {
        "Soup Option 1": "Hearty Vegetarian Chili",
        "Soup Option 2": "Chef's Choice"
      }
    },
    "Dinner": {
      "Entrée 1": "Salisbury Steak with Mushroom Gravy",
      "Entrée 2": "Tortilla Crusted Tilapia",
      "Vegan Entrée": "Baked Polenta with Soy Cheese",
      "Side": "Cheesy Scalloped Potatoes",
      "Vegetable": "Peas with Pearl Onions"
    },
    "Dessert": {
      "Specialty Dessert": "Chef's Choice"
    }
  }
}
